<?xml version="1.0" encoding="UTF-8"?>
<!DOCTYPE codetemplates PUBLIC "-//NetBeans//DTD Editor Code Templates settings 1.0//EN" "http://www.netbeans.org/dtds/EditorCodeTemplates-1_0.dtd">
<codetemplates>
    <codetemplate abbreviation="pc" xml:space="preserve">
        <code><![CDATA[    Ptr<${OBJECT default="object"}> ${OBJECT}_${NAME} = ${FUNCTION};
]]></code>
        <description><![CDATA[create a pointer]]></description>
    </codetemplate>
    <codetemplate abbreviation="nc" xml:space="preserve">
        <code><![CDATA[    NodeContainer NC_${Node_NAME};
]]></code>
        <description><![CDATA[create a node container]]></description>
    </codetemplate>
    <codetemplate abbreviation="main" xml:space="preserve">
        <code><![CDATA[int
main(int argc, char* argv[]){


    return 0;
}
]]></code>
    </codetemplate>
    <codetemplate abbreviation="ndc" xml:space="preserve">
        <code><![CDATA[NetDeviceContainer NDC_${NAME} = ${FUNCTION};]]></code>
    </codetemplate>
    <codetemplate abbreviation="pco" xml:space="preserve">
        <code><![CDATA[    Ptr<${OBJECT default="object"}> ${OBJECT}_${NAME} = CreateObject<${OBJECT}> ();
]]></code>
        <description><![CDATA[create a pointer to a certain object]]></description>
    </codetemplate>
    <codetemplate abbreviation="ncc" xml:space="preserve">
        <code><![CDATA[    NodeContainer ${Node_NAME}_nodes;
    ${Node_NAME}_nodes.Create(${NUM_OF_NODES});]]></code>
    </codetemplate>
</codetemplates>
